no;nama_barang;bahan_baku;wilayah;panjang_cm;lebar_cm;tinggi_cm;volume_cm3;estimasi_hpp_rupiah
1;Figura / Bingkai Foto Jati;Jati Kampung / Rakyat;Ngabul;52;32;3;4992;24800
2;Bangku Taman (Magic Bench/Lipat);Jati Perhutani (TPK) Grade B;Tahunan;141;58;88;719664;2763300
3;Meja Makan Oval Klasik (Hanya Meja);Jati Kampung / Rakyat;Pecangaan;179;88;83;1307416;3903000
4;Nampan / Baki Kayu Jati;Jati Kampung / Rakyat;Tahunan;50;31;5;7750;25400
5;Meja Tamu Jati Kaca;Jati Kampung / Rakyat;Krapyak;117;60;50;351000;707500
6;Rak Buku Jati Minimalis;Jati Kampung / Rakyat;Ngabul;115;32;185;680800;2230000
7;Bangku Taman (Magic Bench/Lipat);Jati Kampung / Rakyat;Mantingan;126;65;87;712530;2388500
8;Rak Sepatu Minimalis;Mahoni Grade B;Mlonggo;80;44;124;436480;944000
9;Bufet Partisi Ruangan 2 Sisi;Mahoni Grade B;Mantingan;214;44;194;1826704;3864000
10;Tempat Payung Jati;Jati Kampung / Rakyat;Krapyak;31;29;58;52142;25100
11;Rak Sepatu Minimalis;Mahoni Grade B;Tahunan;91;40;115;418600;906000
12;Kursi Makan Klasik Eropa (Duco);Mahoni Grade B;Bawu;70;51;117;417690;897300
13;Kursi Bar Jati;Jati Kampung / Rakyat;Mantingan;35;39;105;143325;142300
14;Meja TV (Bufet) Jati Minimalis Retro;Jati Kampung / Rakyat;Krapyak;159;44;65;454740;1013500
15;Kursi Tamu Sudut Minimalis Jati;Jati Perhutani (TPK) Grade A;Tahunan;236;147;85;2948820;3965700
16;Meja Belajar Anak;Mahoni Grade B;Senenan;101;55;66;366630;756500
17;Sofa Tamu Mewah Calista (Rangka Mahoni) - 3 Dudukan;Mahoni Grade B;Senenan;229;92;105;2212140;3711100
18;Lemari Jam Hias Ukir Brawijaya;Mahoni Grade B;Ngabul;75;36;204;550800;1462800
19;Kursi Makan Jati Minimalis (Satuan);Jati Kampung / Rakyat;Senenan;52;58;97;292552;557400
20;Pot Bunga Kayu Besar;Jati Kampung / Rakyat;Bawu;65;46;65;194350;281100
21;Figura / Bingkai Foto Jati;Jati Kampung / Rakyat;Bangsri;36;28;5;5040;24800
22;Kursi Malas / Lounger;Mahoni Grade B;Bangsri;199;75;50;746250;2498000
23;Kursi Goyang Jati;Jati Perhutani (TPK) Grade B;Tahunan;62;114;100;706800;2689000
24;Ukiran Dinding Relief (Tebal 3cm);Jati Kampung / Rakyat;Senenan;114;107;2;24396;25600
25;Kursi Teras Jati (Satuan);Jati Kampung / Rakyat;Tahunan;68;62;82;345712;705500
26;Kursi Makan Klasik Eropa (Duco);Mahoni Grade B;Bangsri;60;52;125;390000;823400
27;Lemari Pakaian 3 Pintu Shabby (Duco);Mahoni Grade B;Bangsri;174;58;213;2149596;3657600
28;Ayunan Jati Dewasa;Jati Perhutani (TPK) Grade A;Jepara Kota;149;120;164;2932320;3942700
29;Lemari Pakaian Jati 4 Pintu Ukir;Jati Perhutani (TPK) Grade A;Mantingan;208;60;214;2670720;3804900
30;Meja Rias Jati + Kaca;Jati Kampung / Rakyat;Jepara Kota;133;51;174;1180242;3737200
31;Lemari Jam Hias Ukir Brawijaya;Jati Perhutani (TPK) Grade A;Tahunan;74;45;213;709290;2637300
32;Pintu Rumah Utama Jati (Daun Pintu);Jati Kampung / Rakyat;Bawu;85;7;209;124355;92900
33;Meja Belajar Anak;Jati Kampung / Rakyat;Pecangaan;100;59;81;477900;1059600
34;Rak Buku Jati Minimalis;Jati Perhutani (TPK) Grade A;Senenan;111;38;172;725496;2772300
35;Mimbar Masjid Jati Ukir;Jati Perhutani (TPK) Grade A;Jepara Kota;104;115;240;2870400;3694800
36;Lemari Pakaian 3 Pintu Shabby (Duco);Mahoni Grade B;Senenan;157;50;205;1609250;3919000
37;Lemari Laci (Chest of Drawers) 5 Susun;Mahoni Grade B;Tahunan;90;46;130;538200;1340200
38;Dipan Anak Tingkat (Bunk Bed);Jati Kampung / Rakyat;Mlonggo;222;101;170;3811740;3723000
39;Kursi Kantor Kayu Jati Putar;Jati Kampung / Rakyat;Senenan;63;60;107;404460;868400
40;Lemari Dapur Gantung;Jati Perhutani (TPK) Grade B;Senenan;162;49;95;754110;2983900
41;Lemari Arsip Jati;Jati Kampung / Rakyat;Mantingan;89;44;194;759704;2656900
42;Troli Makanan;Mahoni Grade B;Mlonggo;86;43;96;355008;748800
43;Nakas Shabby Chic (Duco Putih);Mahoni Grade B;Mlonggo;54;53;70;200340;297000
44;Kotak Perhiasan Jati Ukir;Jati Kampung / Rakyat;Bangsri;18;17;10;3060;24700
45;Meja Kerja Direktur Jati;Jati Perhutani (TPK) Grade B;Senenan;156;65;74;750360;2894000
46;Asbak Kayu Jati Ukir;Jati Kampung / Rakyat;Tahunan;16;15;7;1680;24900
47;Bufet Pajangan Kaca 2 Pintu;Jati Kampung / Rakyat;Tahunan;111;45;209;1043955;3709600
48;Tempat Tisu Kayu Jati;Jati Kampung / Rakyat;Ngabul;27;18;10;4860;25400
49;Dipan Tempat Tidur Jati Minimalis;Jati Kampung / Rakyat;Mlonggo;207;200;110;4554000;3897000
50;Lemari Dapur Gantung;Mahoni Grade B;Ngabul;152;37;89;500536;1134300